city,admin_name
广州,广东省
上海,上海
北京,北京
深圳,粤
成都,四川
西安,陕西
重庆,重庆
保定,河北
临沂,山东
东莞,粤
天津,天津
武汉,湖北
南阳,河南
杭州,浙江省
佛山,粤
铜山,江苏
周口,河南
赣州,江西
菏泽,山东
泉州,福建
南京,江苏
济宁,山东
富阳,安徽
沉阳,辽宁
商丘,河南
沧州,河北
邢台,河北
驻马店,河南
湛江,粤
毕节,贵州
盐城,江苏
衡阳,湖南
遵义,贵州
邵阳,湖南
上饶,江西
信阳,河南
茂名,粤
揭阳,粤
聊城,山东
黄冈,湖北
大连,辽宁
青岛,山东
榆林,广西
曲靖,云南
南甘岛,河南
浦东,上海
郑州,河南
德州,山东
南充,四川
济南,山东
泰安,山东
廊坊,河北
达州,四川
苏州,Anhui
永州,湖南
常德,湖南
襄阳,湖北
昭通,云南
漳州,福建
宜春,江西
亳州,安徽
宿迁,江苏
吉安,江西
桂林,Guangxi
平顶山,河南
绵阳,四川
黄龙寺,河南
运城,Shanxi
长沙,湖南
渭南,Shaanxi
郴州,湖南
江门,粤
九江,江西
新浦,江苏
宜宾,四川
怀化,Hunan
扬州,Jiangsu
台州,江苏
昆明,云南
益阳,湖南
长春,吉林
六安,安徽
江观池,河南
梅州,粤
乌鲁木齐,新疆
苏州,Jiangsu
贵港,广西
汕头,粤
孝感站,湖北
泸州,四川
合肥,安徽
衡水,河北
安庆,安徽
柳州,广西
张家口,河北
肇庆,粤
石家庄,河北
宁波,浙江
齐齐哈尔,黑龙江
福州,江西
赤峰,内蒙古
小西塔,湖北
滁州,安徽
临汾,Shanxi
清远,Guangdong
咸阳,Shaanxi
娄底,湖南
滨州,山东
株洲,Hunan
太原,Shanxi
南宁,广西
哈尔滨,黑龙江
绥化,黑龙江
枣庄,山东
厦门,福建
内江,Sichuan
福州,福建
白城,广西
芜湖,安徽
榆林市,陕西
温州,浙江
常州,江苏
濮阳,河南
焦作,河南
南昌,江西
德阳,Sichuan
呼和浩特,内蒙古
河池,Guangxi
唐山,河北
十堰,湖北
鞍山,Liaoning
宝积石,陕西
钦州,广西
贵阳,贵州
蚌埠,安徽
霸州,四川
遂宁,四川
无锡,江苏
汉中,陕西
莆田,福建
镇江,Jiangsu
广安,四川
长治,山西
铜仁,Guizhou
乐山,四川
秦皇岛,河北
新洲,山西
兰州,甘肃
梧州,广西
淮南,安徽
秦城,甘肃
日照,山东
梅山,四川
宁德,福建
中山,粤
威海,山东
海口,海南
通辽,内蒙古
朝阳,辽宁
韶关,粤
河源,粤
大庆,黑龙江
湘潭,湖南
龙岩,Fujian
包头,内蒙古
邯郸,Hebei
锦州,辽宁
南平,福建
汕尾,粤
潮州,Guangdong
潍坊,山东
淮安,江苏
淄博,山东
安康,陕西
鼓楼,福建
三明,福建
阳江,粤
佳木斯,黑龙江
漯河,河南
定西,甘肃
绍兴,浙江
烟台,山东
惠州,粤
丽水,浙江
宣州,安徽
自贡,四川
广元,四川
黄石,Hubei
西宁,青海
珠海,粤
葫芦岛,辽宁
宝山,Yunnan
连山,辽宁
龙坝,甘肃
吉林,Jilin
铁岭,Liaoning
云浮,粤
洛阳,河南
安顺,贵州
营口,辽宁
沿江,四川
牡丹江,Heilongjiang
延安,陕西
晋城,山西
南通,江苏
临沧,云南
玉溪,云南
来宾,广西
胜利,山东
丹东,辽宁
秦巴岭,甘肃
高平,四川
台州,浙江
马鞍山,安徽
普宁,粤
淮北,安徽
崇左,广西
玉山,江苏
贺州,广西
平凉,Gansu
庆阳,福建
商州,陕西
三门峡,河南
白城,吉林
凭祥,江西
银川,宁夏
西平,Shanxi
鸡西,黑龙江
抚顺,辽宁
北海,广西
阜新,辽宁
武威,甘肃
四平,吉林
沭阳闸,江苏
朔州,山西
三洲,重庆
常熟,Jiangsu
黑河,黑龙江
西梅村,Fujian
景德镇,江西
辽阳,辽宁
城塘村,山东
江阴,Jiangsu
鹤壁,河南
湖州,浙江
嘉兴,浙江
张家界,湖南
白银,甘肃
桂平,广西
廉江,粤
剑光,江西
玉城,四川
徐山,浙江
雷州,粤
化州,Henan
Jinhua,浙江
邳州,Jiangsu
杨舍,江苏
瑞安,浙江
温岭,浙江
Gaozhou,粤
福清,福建
吴忠,宁夏
平度,山东
Yangquan,山西
Yutan,Hunan
池州,安徽
良时,湖南
Huangshan,安徽
本溪,Liaoning
新泰,山东
吴淞,安徽
玉树,Jilin
Kuaidamao,吉林
Huazhou,粤
白山,吉林
海城,辽宁
Yicheng,江苏
Rucheng,江苏
淮阴,江苏
大研,云南
邵阳,Jiangsu
莱芜,山东
Jingling,Hubei
永城,河南
Yiwu,浙江
Beidao,甘肃
响水,贵州
大渡口,四川
陵城,广西
双鸭山,黑龙江
新宇,江西
张掖,甘肃
荣成,Yunnan
Liaoyuan,吉林
Guankou,湖南
涟源,湖南
荣成,湖北
开元,河南
诸暨,浙江
鹰潭,江西
Leiyang,湖南
宜春,Heilongjiang
固原,宁夏
仙桃,湖北
颍川,河南
东台,江苏
定州,河北
西北街西北街,甘肃
余姚,浙江
汉川,湖北
公主岭,Jilin
珠峰,山东
鄂州,湖北
Xiashi,浙江
中卫,宁夏
密州,山东
西山,湖南
鹤岗,黑龙江
防城港,广西
Jiancheng,四川
寿光,山东
三亚,海南
梧桐,浙江
临海,浙江
Wafangdian,辽宁
忠祥,湖北
信义,粤
枣阳,Hubei
兴义,贵州
水寨,河南
张家口市宣化区,Hebei
莲湖,陕西
滨湖,江苏
Hongkou,上海
五老村,江苏
长宁,上海
西乡堂,广西
大营门,天津
五马,Zhejiang
延平,福建
朝外,北京
刘翔,山西
长虹街,Tianjin
杨浦,上海
Zhangyelu,甘肃
金荣街,北京
环翠楼,山东
未央,陕西
梅园新村,江苏
东屯渡,湖南
三江,安徽
东街,福建
海淀,北京
Nanchansi,江苏
新螺区,福建
道里,黑龙江
Gulou,北京
徐汇,上海
西湖,甘肃
Xiaobailou,天津
南港,黑龙江
平江路,Jiangsu
崇安寺,江苏
Xincheng,陕西
Luwan,上海
城中,广西
